				Overall							PP		SH		Defense	
Player Name	Team	Pos	Games	G	A	Pts	+/-	PIM	SOG	GWG	G	A	G	A	Hits	BS
Alex Ovechkin	WAS	LW	70	46	33	79	9	36	283	4	16	9	0	0	189	37
Leon Draisaitl	EDM	C	70	42	47	89	7	46	196	5	16	12	2	0	51	22
Patrick Kane	CHI	RW	69	41	58	99	0	22	290	7	9	19	0	0	18	17
John Tavares	TOR	C	70	39	38	77	20	30	244	6	7	9	0	0	48	45
Cam Atkinson	CLS	RW	68	38	25	63	2	20	261	8	8	5	4	0	22	23
Alex DeBrincat	CHI	RW	70	38	31	69	-1	15	194	3	12	11	0	0	30	24
Brayden Point	TB	C	69	38	48	86	24	24	172	6	19	14	0	0	29	35
Joe Pavelski	SJ	C	71	37	25	62	2	20	177	6	11	9	1	0	69	57
Jeff Skinner	BUF	LW	70	36	22	58	-1	32	226	7	8	8	0	0	22	22
Jake Guentzel	PIT	LW	71	36	32	68	16	24	190	4	5	5	1	0	91	41
Nikita Kucherov	TB	RW	71	35	80	115	18	54	213	7	12	33	0	0	38	28
Steven Stamkos	TB	C	71	35	46	81	-2	33	203	6	17	18	0	0	63	31
Nathan MacKinnon	COL	C	70	35	52	87	16	28	304	6	9	23	0	0	45	25
Connor McDavid	EDM	C	66	34	66	100	5	20	210	8	9	22	0	1	35	25
Gabriel Landeskog	COL	LW	68	33	36	69	15	47	230	9	10	15	0	0	114	59
Sidney Crosby	PIT	C	68	33	59	92	23	32	193	3	11	15	0	2	78	36
Mark Scheifele	WPG	C	70	33	45	78	14	36	169	5	10	11	0	3	45	48
Johnny Gaudreau	CGY	LW	70	33	57	90	15	20	222	7	6	21	0	0	12	9
Auston Matthews	TOR	C	56	32	31	63	-2	10	189	4	11	6	0	0	18	51
Mike Hoffman	FLA	LW	70	32	31	63	-19	24	217	6	15	17	0	0	36	24
Sean Monahan	CGY	C	70	31	45	76	5	10	192	4	12	10	0	0	34	22
Tomas Hertl	SJ	LW	66	31	32	63	10	18	153	5	10	2	1	1	45	56
David Pastrnak	BOS	RW	56	31	35	66	1	20	206	2	15	14	0	0	45	24
Brad Marchand	BOS	LW	70	30	55	85	12	92	206	7	9	20	2	4	44	17
Sebastian Aho	CAR	LW	69	30	47	77	25	24	213	7	3	19	4	1	52	31
Mikko Rantanen	COL	RW	70	30	56	86	12	50	183	4	15	17	0	0	53	40
Matthew Tkachuk	CGY	LW	70	30	38	68	9	58	177	1	11	13	0	0	82	12
Mark Stone	VGK	RW	66	30	37	67	15	22	167	4	5	14	1	0	62	61
Jonathan Toews	CHI	C	70	30	41	71	3	30	195	5	7	13	1	0	30	31
Aleksander Barkov	FLA	C	70	30	48	78	-12	4	178	5	12	18	0	0	25	54
Brendan Gallagher	MON	RW	71	30	16	46	10	40	259	3	4	3	0	0	110	24
Viktor Arvidsson	NSH	LW	48	29	11	40	6	22	159	5	1	1	1	0	17	18
Patrik Laine	WPG	RW	70	29	19	48	-21	34	223	3	14	8	0	0	54	42
Matt Duchene	CLS	C	61	29	34	63	-4	6	153	1	5	8	0	0	23	35
Vladimir Tarasenko	STL	RW	66	28	30	58	5	22	235	5	11	8	0	0	76	36
Sean Couturier	PHI	C	68	28	37	65	10	22	189	4	6	8	1	0	37	55
Evander Kane	SJ	LW	64	27	24	51	0	149	235	1	4	6	1	1	140	21
Kyle Palmieri	NJ	RW	67	27	23	50	-7	40	207	2	11	7	0	0	90	32
Dylan Larkin	DET	C	65	27	35	62	-11	65	247	4	7	7	2	1	73	33
Tyler Seguin	DAL	C	70	27	38	65	17	14	273	6	6	13	0	0	63	41
Elias Lindholm	CGY	RW	70	27	49	76	29	20	169	5	9	17	1	2	70	33
Kyle Connor	WPG	LW	70	27	26	53	-8	14	194	3	10	6	1	0	8	15
Mika Zibanejad	NYR	C	70	27	39	66	-9	47	206	5	9	12	2	0	124	54
Chris Kreider	NYR	LW	70	26	23	49	7	55	182	2	7	5	0	0	145	43
Patrice Bergeron	BOS	C	55	26	39	65	17	28	176	3	7	16	4	2	41	55
Ryan O'Reilly	STL	C	70	26	41	67	21	12	196	4	5	15	1	2	27	31
Timo Meier	SJ	LW	68	26	33	59	17	47	225	2	5	4	0	1	77	36
Elias Pettersson	VAN	C	59	26	32	58	9	6	119	7	8	8	0	0	37	42
Anders Lee	NYI	C	70	25	20	45	14	56	187	5	8	5	0	0	91	47
Jack Eichel	BUF	C	65	25	47	72	-4	22	259	2	8	13	0	0	62	48
Jamie Benn	DAL	C	67	25	22	47	12	52	161	2	8	2	0	0	119	63
Artemi Panarin	CLS	LW	67	25	49	74	7	21	170	7	6	11	0	0	11	17
Tyler Johnson	TB	C	69	25	18	43	10	24	144	4	1	7	1	0	44	25
Zach Parise	MIN	LW	69	24	31	55	-4	24	212	4	8	5	0	2	46	67
Filip Forsberg	NSH	RW	54	24	19	43	2	22	190	3	7	3	2	0	79	24
Mitch Marner	TOR	C	70	24	60	84	24	22	200	4	3	16	1	2	25	34
Andreas Athanasiou	DET	C	65	24	18	42	-10	20	182	2	3	4	0	0	29	23
Logan Couture	SJ	C	71	24	38	62	2	18	177	3	5	10	2	0	50	49
Max Domi	MON	C	71	24	38	62	13	78	171	2	3	7	0	0	49	34
Bo Horvat	VAN	C	70	24	26	50	-6	29	204	2	6	8	2	1	51	59
Phil Kessel	PIT	RW	71	24	48	72	-19	24	182	9	11	21	0	0	11	16
Ryan Dzingel	CLS	C	66	23	27	50	-12	29	142	4	4	6	0	0	49	36
Brock Boeser	VAN	RW	57	23	25	48	5	20	174	3	4	7	0	0	12	18
Josh Anderson	CLS	RW	70	23	17	40	17	58	201	4	3	2	1	1	185	34
Pierre-Luc Dubois	CLS	LW	70	23	31	54	8	56	151	3	2	7	0	0	98	50
Brandon Saad	CHI	LW	68	23	18	41	-8	8	168	3	5	1	3	0	44	23
Jake DeBrusk	BOS	LW	57	22	12	34	3	12	138	4	8	3	0	0	40	21
Travis Konecny	PHI	C	70	22	22	44	3	38	151	3	4	4	0	0	53	37
Evgenii Dadonov	FLA	RW	70	22	32	54	-9	4	171	3	8	8	0	0	28	39
Tomas Tatar	MON	LW	69	22	28	50	17	28	173	4	4	3	0	0	67	27
Ryan Nugent-Hopkins	EDM	LW	70	22	36	58	-11	24	186	2	5	17	1	2	60	38
Jonathan Huberdeau	FLA	LW	70	22	52	74	-15	34	189	3	9	22	0	0	47	41
Alexander Radulov	DAL	RW	58	22	34	56	18	48	165	5	4	12	0	0	55	69
Frank Vatrano	FLA	LW	69	22	14	36	-5	32	178	1	1	6	0	0	107	68
Brock Nelson	NYI	C	70	21	23	44	17	24	151	2	2	4	1	0	43	48
James van Riemsdyk	PHI	LW	54	21	17	38	-10	16	121	3	8	3	0	0	28	14
Evgeni Malkin	PIT	C	65	21	50	71	-23	89	177	5	9	17	0	0	52	33
Carl Soderberg	COL	C	70	21	22	43	-8	22	161	2	2	7	3	0	80	58
Blake Coleman	NJ	C	67	21	13	34	-8	56	183	3	2	0	3	2	192	36
Jakob Silfverberg	ANH	RW	63	21	12	33	-14	26	141	2	3	6	2	0	35	39
T.J. Oshie	WAS	RW	60	21	23	44	3	32	128	4	4	7	1	0	121	46
Jason Zucker	MIN	LW	70	21	17	38	-2	26	189	5	7	5	0	0	81	32
Max Pacioretty	VGK	LW	57	21	16	37	-11	34	171	5	4	3	0	0	106	20
Jakub Vrana	WAS	RW	71	21	22	43	20	22	137	4	1	3	0	0	39	29
Claude Giroux	PHI	C	70	20	53	73	14	24	198	4	2	17	1	0	26	15
Tom Wilson	WAS	RW	52	20	16	36	18	101	111	2	3	2	2	0	152	44
Alex Chiasson	EDM	RW	61	20	12	32	-1	28	101	0	7	7	1	0	71	26
Andreas Johnsson	TOR	LW	63	20	19	39	18	24	111	3	3	3	0	0	49	30
Jonathan Marchessault	VGK	LW	70	20	27	47	-4	40	243	4	5	9	0	0	87	15
Nino Niederreiter	CAR	RW	69	20	24	44	-4	26	155	3	6	8	0	0	76	16
Justin Williams	CAR	RW	69	20	25	45	-5	34	204	4	9	4	0	0	46	23
Blake Wheeler	WPG	RW	70	20	66	86	5	49	203	3	2	29	2	0	70	51
Gustav Nyquist	SJ	RW	70	19	34	53	1	12	184	2	1	10	0	0	28	20
Morgan Rielly	TOR	D	70	19	48	67	30	12	187	5	3	16	0	0	54	97
Kasperi Kapanen	TOR	RW	68	19	23	42	13	23	147	3	1	2	2	0	73	19
Eric Staal	MIN	C	70	19	28	47	1	30	190	5	5	6	0	1	36	24
Mikael Backlund	CGY	C	66	19	24	43	31	44	167	3	1	1	1	1	48	21
Craig Smith	NSH	RW	66	19	13	32	8	16	188	2	4	3	0	0	64	30
Anze Kopitar	LA	C	69	19	29	48	-12	28	134	2	0	13	2	0	53	58
Brett Connolly	WAS	RW	71	19	20	39	5	22	120	4	1	1	0	0	45	23
William Karlsson	VGK	C	70	19	25	44	-5	14	149	4	6	7	1	1	44	45
Casey Cizikas	NYI	C	63	19	11	30	26	34	97	3	0	0	2	1	106	55
David Krejci	BOS	C	71	19	43	62	4	16	125	4	6	9	0	0	25	23
Nicklas Backstrom	WAS	C	70	18	49	67	6	26	153	4	7	18	0	0	49	23
Evgeny Kuznetsov	WAS	C	65	18	44	62	7	48	169	3	8	13	0	0	40	18
Nikolaj Ehlers	WPG	LW	50	18	15	33	6	13	130	4	1	5	0	0	22	13
Teuvo Teravainen	CAR	C	69	18	47	65	23	12	142	1	7	14	1	4	24	22
Sam Reinhart	BUF	C	70	18	40	58	-3	14	152	0	2	13	0	0	33	42
Yanni Gourde	TB	LW	71	18	23	41	6	49	121	5	5	3	0	1	79	26
Alex Tuch	VGK	RW	62	18	30	48	12	6	147	6	3	3	0	0	78	36
Jakub Voracek	PHI	LW	66	18	43	61	-10	21	178	2	3	12	0	0	16	26
Micheal Ferland	CAR	LW	58	17	18	35	15	45	131	3	6	5	0	0	147	14
Mathew Barzal	NYI	C	70	17	39	56	-11	40	152	3	3	15	0	0	22	43
Anthony Mantha	DET	RW	56	17	16	33	-13	28	157	0	3	5	0	0	60	16
Brian Boyle	NSH	C	63	17	6	23	-14	31	110	3	7	2	1	1	126	46
Travis Zajac	NJ	C	69	17	24	41	-17	16	107	2	3	6	2	0	56	37
Patric Hornqvist	PIT	RW	58	17	16	33	-4	22	149	2	6	4	0	0	129	27
Nico Hischier	NJ	C	62	17	27	44	4	14	142	3	3	6	0	0	48	39
Andrei Svechnikov	CAR	RW	69	17	15	32	-3	56	159	2	0	4	0	0	106	21
Jonathan Drouin	MON	C	70	17	33	50	-3	26	173	3	3	11	0	0	52	22
Andrew Shaw	MON	C	52	17	19	36	8	63	103	3	3	3	0	0	105	29
Jared McCann	PIT	C	67	17	14	31	0	31	122	1	1	2	3	0	62	47
Cody Eakin	VGK	C	66	17	18	35	18	14	102	3	0	3	3	0	75	33
Dustin Brown	LA	RW	60	17	22	39	-11	16	146	3	6	1	1	1	129	27
David Perron	STL	RW	45	17	18	35	3	36	85	1	4	6	0	0	41	11
Bryan Rust	PIT	RW	62	17	14	31	10	18	123	4	0	0	2	1	98	52
Dylan Strome	CHI	C	66	17	32	49	-8	18	121	3	6	9	0	0	12	39
Anthony Beauvillier	NYI	LW	69	16	8	24	0	8	139	3	1	1	0	0	70	32
Jimmy Vesey	NYR	LW	69	16	18	34	2	21	135	3	1	3	0	0	67	32
Nick Foligno	CLS	LW	65	16	14	30	3	44	126	2	2	2	0	0	154	49
Mikael Granlund	NSH	C	69	16	37	53	-5	22	171	5	2	18	2	0	37	35
Kevin Hayes	WPG	C	59	16	31	47	0	10	137	1	3	8	2	1	55	13
Marcus Sorensen	SJ	RW	69	16	11	27	11	19	84	1	0	0	1	1	72	25
Brad Richardson	ARI	C	55	16	7	23	6	22	103	3	0	0	3	2	45	48
Zach Hyman	TOR	RW	59	16	16	32	17	57	116	4	0	0	1	0	92	33
Adam Henrique	ANH	C	72	16	20	36	-5	24	110	3	7	3	0	1	68	60
Wayne Simmonds	NSH	RW	69	16	12	28	-18	92	146	2	5	3	0	0	124	25
Tyler Bertuzzi	DET	LW	62	16	17	33	3	30	104	2	1	1	0	0	68	37
Pavel Buchnevich	NYR	LW	53	16	13	29	-10	13	93	0	7	3	0	0	45	16
Brady Tkachuk	OTT	LW	60	16	20	36	-4	67	171	2	2	4	0	0	139	22
Boone Jenner	CLS	LW	65	15	19	34	4	40	153	3	1	1	1	0	141	66
Jason Pominville	BUF	RW	64	15	13	28	-1	4	116	3	1	1	0	0	16	18
Vinnie Hinostroza	ARI	C	61	15	19	34	-5	10	120	3	3	2	0	0	58	35
Jordan Martinook	CAR	LW	69	15	6	21	5	32	126	5	0	0	1	0	160	42
Nazem Kadri	TOR	C	62	15	22	37	2	31	160	5	4	8	0	0	63	11
J.T. Compher	COL	C	54	15	15	30	-4	31	103	3	4	5	3	0	23	42
Nick Bonino	NSH	C	71	15	14	29	27	18	106	1	3	0	0	1	24	62
Roman Josi	NSH	D	72	15	40	55	9	38	248	4	2	10	0	1	48	120
Bryan Little	WPG	C	70	15	26	41	-7	26	114	5	4	3	0	2	48	22
Valtteri Filppula	NYI	C	68	15	14	29	17	16	71	3	0	0	1	0	11	32
Alex Galchenyuk	ARI	RW	61	15	21	36	-20	28	133	3	7	12	0	0	49	28
Kris Letang	PIT	D	60	15	38	53	10	34	188	3	2	16	1	1	111	102
Josh Bailey	NYI	LW	70	14	36	50	8	19	107	3	2	11	1	0	16	26
Oliver Bjorkstrand	CLS	RW	65	14	11	25	4	4	126	0	1	0	0	0	33	27
Anthony Cirelli	TB	C	71	14	16	30	22	29	107	4	0	1	4	0	82	44
Joonas Donskoi	SJ	RW	71	14	20	34	11	10	106	4	1	2	0	0	32	33
Joe Thornton	SJ	C	62	14	28	42	8	14	76	4	3	8	0	0	15	11
Thomas Vanek	DET	LW	60	14	20	34	-13	26	95	1	4	7	0	0	36	12
Reilly Smith	VGK	RW	63	14	28	42	7	12	155	1	4	9	0	3	34	29
Patrick Marleau	TOR	LW	70	14	21	35	-5	20	134	3	3	6	0	0	65	37
Ilya Kovalchuk	LA	RW	59	14	16	30	-25	10	133	1	4	5	0	0	27	17
Alex Iafallo	LA	C	70	14	14	28	-12	22	129	2	2	3	0	0	79	46
Mark Giordano	CGY	D	68	14	51	65	29	61	185	2	3	18	3	1	49	133
Brayden Schenn	STL	LW	60	13	31	44	2	34	123	4	4	6	0	0	100	28
Michael Frolik	CGY	LW	53	13	14	27	20	20	106	3	0	0	2	0	49	16
Dougie Hamilton	CAR	D	69	13	17	30	-1	46	214	1	1	5	0	0	124	71
Derek Stepan	ARI	C	64	13	19	32	-3	14	180	2	1	2	3	0	46	43
Richard Panik	ARI	RW	65	13	18	31	-1	34	115	2	0	2	1	0	113	46
Oskar Lindblom	PHI	LW	69	13	15	28	-1	20	139	2	1	1	0	0	60	43
Nolan Patrick	PHI	C	62	13	15	28	-5	25	102	3	1	1	0	0	62	24
Brandon Tanev	WPG	LW	70	13	12	25	8	41	115	0	0	0	2	1	239	74
Jordan Eberle	NYI	RW	66	13	17	30	-11	17	134	3	6	5	0	0	31	32
Josh Leivo	VAN	LW	65	13	9	22	5	32	123	2	3	4	0	0	41	17
Ryan Strome	NYR	C	69	13	12	25	-2	60	93	0	3	2	0	0	68	34
Alex Killorn	TB	C	71	13	21	34	22	41	134	1	2	3	0	1	77	22
Erik Gustafsson	CHI	D	67	13	37	50	-11	26	122	3	4	13	0	0	71	93
Colin White	OTT	C	63	13	22	35	-19	20	111	2	5	0	0	0	22	32
Brent Burns	SJ	D	71	13	60	73	16	28	261	5	6	19	1	4	71	93
Anthony Duclair	OTT	LW	63	13	11	24	-2	14	104	2	5	1	0	0	27	26
Jake Virtanen	VAN	LW	60	13	10	23	-3	40	141	1	2	0	0	0	128	30
Thomas Chabot	OTT	D	62	13	36	49	-9	30	164	2	1	12	1	0	66	99
Kevin Labanc	SJ	RW	71	13	35	48	-1	32	110	3	2	15	0	0	58	13
Clayton Keller	ARI	C	71	13	32	45	-16	22	174	5	1	18	0	0	15	18
Artem Anisimov	CHI	C	66	13	20	33	-4	14	120	1	0	3	1	0	23	25
Bobby Ryan	OTT	RW	68	13	24	37	-24	31	141	1	5	8	0	0	65	47
Mathieu Joseph	TB	RW	60	13	9	22	8	24	84	1	0	0	0	2	103	13
Mathieu Perreault	WPG	C	70	13	13	26	-1	34	82	2	3	3	0	0	104	19
Paul Byron	MON	C	48	13	15	28	15	10	79	3	0	1	2	1	95	34
Radek Faksa	DAL	C	69	13	12	25	-4	39	96	1	1	1	1	1	85	59
Kevin Fiala	MIN	LW	72	12	22	34	-15	28	148	1	1	6	0	0	37	17
Dominik Kahun	CHI	C	70	12	22	34	7	2	121	1	1	1	0	0	10	22
Oskar Sundqvist	STL	C	62	12	13	25	1	20	96	2	0	1	1	0	76	27
Mats Zuccarello	DAL	RW	47	12	27	39	-8	24	103	1	3	11	0	0	57	43
Conor Sheary	BUF	LW	66	12	19	31	-4	12	124	3	4	1	0	0	25	25
Daniel Sprong	ANH	RW	54	12	8	20	-15	8	103	2	2	3	0	0	32	12
Zack Kassian	EDM	RW	67	12	9	21	-3	82	93	2	0	0	1	0	168	12
Conor Garland	ARI	RW	39	12	3	15	3	12	101	2	4	2	0	0	25	11
Ryan Getzlaf	ANH	C	61	12	29	41	-22	40	125	2	1	8	0	0	137	69
Marcus Johansson	BOS	LW	52	12	16	28	-15	8	107	1	2	7	0	0	26	21
Mathew Dumba	MIN	D	32	12	10	22	-5	21	93	1	6	6	0	0	60	43
Colton Sissons	NSH	RW	65	12	15	27	25	15	93	3	1	1	0	1	91	46
Jared Spurgeon	MIN	D	71	12	27	39	8	18	133	0	2	5	0	1	76	121
Tyler Toffoli	LA	RW	70	12	17	29	-15	18	196	3	3	0	0	0	33	21
Cedric Paquette	TB	C	70	12	4	16	4	72	75	1	0	0	2	0	234	54
Pontus Aberg	MIN	LW	54	12	12	24	-13	20	94	1	3	4	0	0	40	11
Derick Brassard	COL	C	58	12	9	21	-18	35	95	0	1	3	0	0	90	14
Brendan Perlini	CHI	LW	57	12	7	19	-16	28	99	0	2	2	0	0	42	17
J.T. Miller	TB	C	65	12	25	37	4	30	96	4	4	12	0	0	102	18
Chris Wagner	BOS	RW	68	12	6	18	2	51	127	1	0	0	0	0	231	30
Tyler Ennis	TOR	LW	44	12	5	17	-6	2	74	1	2	3	0	0	38	12
Alex Pietrangelo	STL	D	59	12	21	33	-1	20	140	2	3	8	0	0	52	114
Melker Karlsson	SJ	C	71	12	4	16	0	24	75	2	0	0	0	0	61	34
Aaron Ekblad	FLA	D	70	12	21	33	1	39	152	1	5	4	0	0	100	69
Sam Bennett	CGY	LW	68	12	14	26	-5	89	110	2	4	2	0	0	117	27
Scott Laughton	PHI	C	70	12	16	28	-5	51	105	1	0	0	0	2	126	33
Taylor Hall	NJ	LW	33	11	26	37	-6	16	113	3	1	11	0	0	22	29
Nick Bjugstad	PIT	C	53	11	11	22	4	26	117	2	2	4	0	0	96	25
Christian Fischer	ARI	RW	67	11	7	18	-13	27	110	0	0	0	0	0	112	18
Andre Burakovsky	WAS	LW	65	11	12	23	-2	14	85	4	1	0	0	0	31	27
Jeff Petry	MON	D	71	11	30	41	-11	26	141	3	3	7	0	1	171	103
Drake Caggiula	CHI	LW	50	11	7	18	-7	23	89	2	0	0	1	0	130	25
Jordan Greenway	MIN	LW	70	11	11	22	-6	24	95	0	0	0	0	0	48	31
Brendan Lemieux	NYR	LW	52	11	5	16	7	93	56	1	0	0	0	0	104	23
Pavel Zacha	NJ	C	53	11	6	17	-8	13	86	1	3	0	2	1	55	22
Lars Eller	WAS	C	70	11	22	33	-5	35	146	1	0	3	1	2	56	41
Ryan Johansen	NSH	C	70	11	46	57	-2	36	126	3	0	15	0	1	89	22
Ryan Hartman	PHI	RW	72	11	12	23	3	54	126	2	0	0	0	0	88	30
Oliver Ekman-Larsson	ARI	D	70	11	27	38	-12	44	153	2	5	12	1	2	135	48
Shea Weber	MON	D	47	11	17	28	12	20	127	2	4	1	0	0	103	87
Charlie Coyle	BOS	RW	70	11	19	30	1	18	130	2	1	2	1	0	65	51
Phillip Danault	MON	C	70	11	35	46	15	37	111	1	0	2	0	2	74	47
Rickard Rakell	ANH	C	59	11	21	32	-17	27	160	1	3	7	0	0	74	34
Alex Kerfoot	COL	C	66	11	23	34	-11	32	92	0	3	9	0	0	16	24
Lawson Crouse	ARI	LW	70	11	11	22	5	62	109	1	0	0	2	0	251	38
Ondrej Kase	ANH	RW	30	11	9	20	0	2	94	2	1	3	0	0	17	11
Shea Theodore	VGK	D	69	11	22	33	-2	18	177	1	4	4	0	1	25	79
Adrian Kempe	LA	C	69	11	14	25	-10	32	104	2	0	4	0	0	74	17
Jesperi Kotkaniemi	MON	C	69	11	21	32	4	24	117	2	1	4	0	0	53	37
Brandon Pirri	VGK	C	27	11	5	16	8	6	72	3	3	1	0	0	23	11
John Carlson	WAS	D	70	11	51	62	19	34	156	1	3	26	0	0	47	149
Tyler Bozak	STL	C	61	11	18	29	-10	14	118	3	2	5	0	0	49	29
Damon Severson	NJ	D	71	11	26	37	-17	56	123	0	3	7	0	1	74	69
Kyle Okposo	BUF	RW	66	11	14	25	-13	39	125	2	5	3	0	0	81	21
Jeff Carter	LA	C	64	10	17	27	-22	34	142	1	5	8	0	1	70	27
Colin Wilson	COL	LW	53	10	10	20	-8	8	84	2	4	1	0	0	45	22
Filip Chytil	NYR	C	66	10	11	21	-15	8	116	2	2	3	0	0	25	20
Vladislav Namestnikov	NYR	C	66	10	17	27	-8	28	103	3	1	1	1	2	118	54
Andrew Copp	WPG	C	57	10	12	22	17	6	71	2	0	0	1	0	54	29
Colton Parayko	STL	D	70	10	12	22	14	15	165	3	4	3	0	1	108	131
Mark Jankowski	CGY	C	67	10	15	25	2	8	84	1	0	0	4	3	29	54
Josh Archibald	ARI	RW	57	10	9	19	0	15	79	1	0	0	0	1	137	32
Matt Calvert	COL	LW	70	10	14	24	-6	49	124	0	1	1	0	2	99	42
Loui Eriksson	VAN	RW	69	10	12	22	-11	20	92	2	1	2	0	0	3	25
Calle Jarnkrok	NSH	C	69	10	15	25	16	10	100	1	1	1	1	0	52	21
Joel Armia	MON	RW	46	10	7	17	3	14	116	1	0	2	1	0	90	17
Miro Heiskanen	DAL	D	70	10	19	29	-10	16	154	3	1	5	0	1	31	59
Casey Mittelstadt	BUF	C	66	10	11	21	-11	10	100	1	2	6	0	0	21	14
Zach Werenski	CLS	D	70	10	30	40	-11	18	146	1	2	11	0	0	58	75
Austin Wagner	LA	LW	50	10	7	17	2	12	52	0	0	0	0	0	110	6
Tanner Pearson	VAN	LW	68	10	7	17	-17	25	115	0	1	1	0	0	114	32
Seth Jones	CLS	D	63	9	32	41	-2	26	158	4	0	9	0	2	91	103
Troy Brouwer	FLA	RW	63	9	9	18	-6	28	74	0	0	0	0	0	149	33
Derek Ryan	CGY	C	69	9	19	28	8	22	80	1	2	5	0	4	13	15
Nate Schmidt	VGK	D	50	9	18	27	18	6	99	1	1	6	0	0	30	88
Paul Stastny	VGK	C	40	9	24	33	11	28	85	1	0	3	1	0	27	11
Danton Heinen	BOS	C	67	9	20	29	10	16	103	2	1	5	0	0	45	32
Ivan Barbashev	STL	LW	68	9	10	19	-9	13	45	0	0	0	2	0	66	28
Tyson Jost	COL	C	58	9	11	20	-3	10	87	2	4	1	0	0	34	25
Keith Yandle	FLA	D	70	9	46	55	-15	46	177	2	7	28	0	0	36	67
Nick Ritchie	ANH	LW	54	9	20	29	5	58	84	2	2	5	0	0	107	28
Vince Dunn	STL	D	66	9	19	28	6	39	130	2	2	4	0	0	38	58
Frans Nielsen	DET	C	66	9	24	33	-9	12	113	4	0	8	0	1	70	43
Antoine Roussel	VAN	LW	65	9	22	31	5	118	84	1	0	0	0	0	87	50
John Klingberg	DAL	D	52	9	28	37	4	10	130	5	4	13	0	0	33	63
Travis Sanheim	PHI	D	70	9	22	31	3	12	100	2	2	2	0	0	35	112
Adam Lowry	WPG	LW	66	9	9	18	3	33	86	3	0	0	1	2	195	41
Esa Lindell	DAL	D	70	9	20	29	12	29	111	1	3	3	2	0	129	133
Tyler Motte	VAN	C	68	9	7	16	-8	6	105	1	0	0	2	0	187	46
Luke Glendening	DET	RW	71	9	12	21	1	15	92	1	0	0	1	1	172	89
Chris Tierney	OTT	C	71	9	35	44	-20	26	106	1	0	8	0	0	29	50
Markus Granlund	VAN	C	65	9	10	19	-5	16	105	0	1	1	0	1	39	21
Victor Hedman	TB	D	63	9	36	45	15	44	166	2	2	21	0	1	50	92
Justin Faulk	CAR	D	69	8	20	28	7	41	183	1	4	4	0	0	126	96
Cal Clutterbuck	NYI	RW	61	8	13	21	9	42	77	2	3	0	0	1	167	36
Jason Spezza	DAL	C	68	8	19	27	-10	25	101	1	2	10	0	0	13	28
Sven Baertschi	VAN	LW	22	8	5	13	-5	6	40	0	3	4	0	0	16	13
Rasmus Dahlin	BUF	D	70	8	29	37	-7	26	147	3	4	12	0	0	76	57
Miles Wood	NJ	LW	56	8	13	21	-9	72	140	1	1	2	0	0	86	23
William Carrier	VGK	LW	48	8	1	9	-1	20	81	1	0	0	0	0	247	13
Roope Hintz	DAL	LW	46	8	6	14	-8	20	71	3	3	0	0	0	73	30
Zack Smith	OTT	C	62	8	16	24	-4	72	92	0	0	0	0	2	116	27
Matt Niskanen	WAS	D	69	8	15	23	-1	39	119	1	1	1	0	1	156	114
Matt Luff	LA	RW	33	8	3	11	-2	9	45	2	1	0	0	0	17	19
Zach Aston-Reese	PIT	C	43	8	9	17	12	26	76	1	0	0	1	0	138	37
Artturi Lehkonen	MON	LW	71	8	17	25	2	30	147	3	0	0	0	0	101	33
Lucas Wallmark	CAR	C	68	8	17	25	-3	34	116	4	2	5	0	0	65	33
Henrik Borgstrom	FLA	C	39	8	7	15	-9	2	50	0	3	2	0	0	11	12
Brock McGinn	CAR	LW	69	8	13	21	9	20	106	0	0	0	1	0	120	32
Mattias Ekholm	NSH	D	70	8	34	42	21	41	130	3	2	5	0	1	61	93
Mikko Koivu	MIN	C	48	8	21	29	-2	22	89	0	2	10	0	1	13	32
Ryan McDonagh	TB	D	71	8	28	36	32	28	112	1	0	3	0	2	80	129
Tyler Myers	WPG	D	68	8	17	25	11	57	131	2	0	5	1	1	77	87
Riley Sheahan	FLA	C	70	8	9	17	-10	15	91	2	0	0	1	1	65	36
Devin Shore	ANH	C	66	8	18	26	-9	9	64	4	1	3	2	0	83	57
Darnell Nurse	EDM	D	70	8	27	35	-10	77	171	1	1	8	0	1	135	122
T.J. Brodie	CGY	D	69	8	23	31	23	24	89	1	1	3	1	0	19	78
Kyle Clifford	LA	LW	60	8	6	14	3	57	92	2	0	0	0	0	98	21
Michael Grabner	ARI	RW	30	8	6	14	0	8	50	1	0	0	5	3	24	14
Ryan Pulock	NYI	D	70	8	25	33	22	20	148	3	3	5	0	0	120	127
Jesper Fast	NYR	RW	64	8	12	20	0	26	80	1	0	0	0	0	117	46
Ryan Donato	MIN	C	45	8	10	18	-7	6	103	1	3	3	0	0	19	13
Evan Rodrigues	BUF	C	64	8	18	26	-8	23	144	1	2	2	0	3	29	28
Jesper Bratt	NJ	LW	51	8	25	33	-8	6	91	1	1	7	0	0	36	22
Michael Rasmussen	DET	C	59	8	9	17	-7	29	71	0	4	0	0	0	80	27
Ryan Reaves	VGK	RW	69	8	9	17	0	60	81	1	3	0	0	0	268	22
Ondrej Palat	TB	LW	53	8	22	30	5	14	90	1	2	5	0	0	84	29
Mike Matheson	FLA	D	64	7	16	23	-22	32	113	2	0	6	0	0	49	105
Kyle Turris	NSH	C	46	7	15	22	-4	31	63	1	4	2	0	0	21	12
Ryan Suter	MIN	D	71	7	37	44	2	37	120	2	3	10	1	1	63	95
Eric Fehr	MIN	RW	61	7	7	14	-9	28	58	0	0	0	0	1	33	41
Brandon Montour	BUF	D	70	7	22	29	-17	48	150	2	0	4	0	0	84	105
Travis Hamonic	CGY	D	59	7	10	17	12	29	110	1	0	0	1	2	38	140
Nikita Zadorov	COL	D	58	7	4	11	13	69	79	0	0	0	0	0	183	50
Nikolay Goldobin	VAN	RW	61	7	20	27	-9	18	101	1	1	8	0	1	15	19
Tomas Nosek	VGK	LW	57	7	8	15	-10	14	97	1	0	0	0	0	61	19
Tage Thompson	BUF	RW	60	7	5	12	-17	20	103	0	1	0	0	0	58	9
Max Lajoie	OTT	D	56	7	8	15	-25	20	79	0	4	4	0	0	34	82
Robert Thomas	STL	C	58	7	18	25	-8	10	68	0	2	3	0	0	13	20
Jack Roslovic	WPG	RW	69	7	13	20	-5	4	57	0	5	1	0	0	26	20
Tyson Barrie	COL	D	66	7	40	47	-7	30	183	0	2	20	0	0	44	75
Denis Malgin	FLA	C	46	7	7	14	-9	12	60	0	0	0	0	0	36	20
Magnus Paajarvi	OTT	LW	69	7	5	12	-18	6	100	0	0	0	1	0	56	59
Zachary Sanford	STL	LW	49	7	7	14	5	19	68	2	0	0	0	0	38	32
Adam Erne	TB	LW	55	7	11	18	5	40	59	3	2	0	0	0	123	23
Dominik Simon	PIT	C	60	7	18	25	7	14	100	0	1	2	0	0	78	18
Nick Schmaltz	ARI	RW	40	7	18	25	-12	8	62	2	5	3	0	0	5	12
Dennis Cholowski	DET	D	52	7	9	16	-20	16	71	1	4	5	0	0	18	50
Jaden Schwartz	STL	LW	57	7	22	29	-6	16	154	0	1	3	0	0	52	21
Vincent Trocheck	FLA	C	43	7	20	27	0	46	119	1	2	8	0	0	91	31
Alexander Steen	STL	LW	53	7	13	20	-7	14	92	0	2	3	0	1	51	46
Darren Helm	DET	C	50	7	8	15	-9	18	90	0	0	0	1	2	47	24
Warren Foegele	CAR	LW	67	7	5	12	-16	16	91	3	0	0	0	0	111	19
Alexander Edler	VAN	D	44	7	16	23	3	42	99	2	2	8	0	0	101	132
P.K. Subban	NSH	D	53	7	18	25	-1	52	137	1	2	6	1	0	48	57
Austin Watson	NSH	LW	34	7	6	13	9	39	59	1	1	0	0	0	99	26
Oscar Lindberg	OTT	C	44	7	8	15	3	28	75	0	0	1	0	0	78	21
Garnet Hathaway	CGY	RW	64	7	4	11	6	45	64	3	0	0	2	0	164	30
Ivan Provorov	PHI	D	70	7	18	25	-11	32	128	1	0	2	0	0	101	130
Sean Kuraly	BOS	C	68	6	12	18	4	38	126	2	0	0	0	0	122	33
Brady Skjei	NYR	D	66	6	14	20	-3	38	98	1	0	0	0	1	157	98
Connor Brown	TOR	RW	70	6	18	24	12	14	74	0	0	1	0	3	28	30
Ryan Ellis	NSH	D	72	6	31	37	24	20	133	2	1	4	1	0	62	138
Nick Cousins	ARI	C	71	6	18	24	-9	29	125	1	0	2	0	0	104	47
Leo Komarov	NYI	LW	70	6	16	22	19	38	66	1	0	0	0	0	175	30
Michael Raffl	PHI	LW	56	6	12	18	6	28	55	1	0	0	1	0	84	20
Mattias Janmark	DAL	C	70	6	16	22	-4	20	91	0	0	0	0	1	27	39
Marcus Foligno	MIN	LW	71	6	11	17	-3	49	75	0	0	1	0	1	184	37
Jordan Staal	CAR	C	37	6	11	17	-7	22	91	0	0	1	0	0	96	10
Ryan Callahan	TB	RW	46	6	9	15	7	14	66	2	1	0	0	1	73	24
Justin Abdelkader	DET	LW	71	6	13	19	-14	38	95	0	1	1	1	0	185	34
Tyler Pitlick	DAL	C	43	6	4	10	-2	6	68	1	1	0	0	0	87	27
Shayne Gostisbehere	PHI	D	67	6	26	32	-16	14	160	2	2	10	0	0	42	87
Austin Czarnik	CGY	C	42	6	6	12	-6	6	53	3	0	2	0	0	4	19
Barclay Goodrow	SJ	LW	71	6	9	15	4	67	70	3	0	0	1	0	107	55
Lukas Radil	SJ	LW	32	6	4	10	10	6	37	2	0	0	0	0	26	8
Greg McKegg	CAR	C	29	6	5	11	0	6	25	1	0	0	0	0	20	15
Joakim Nordstrom	BOS	C	59	6	3	9	-6	11	94	2	0	0	0	0	73	49
Jacob Trouba	WPG	D	70	6	33	39	11	58	137	1	3	11	0	2	94	141
Charlie McAvoy	BOS	D	44	6	18	24	11	33	60	3	0	1	0	1	85	74
Jordan Oesterle	ARI	D	61	6	14	20	2	12	63	0	3	4	0	0	50	125
Brett Pesce	CAR	D	60	6	17	23	30	20	79	1	0	0	0	1	48	107
Mikkel Boedker	OTT	LW	63	6	26	32	-22	6	79	1	2	5	0	0	48	23
Blake Comeau	DAL	LW	66	6	10	16	-4	36	80	2	0	0	0	0	181	34
Nic Dowd	WAS	C	54	6	12	18	7	18	37	1	0	0	0	1	79	29
Brendan Leipsic	LA	LW	59	6	15	21	-16	22	89	1	1	3	0	0	47	26
Torey Krug	BOS	D	59	6	42	48	-3	31	139	2	2	27	0	0	51	53
Jake Muzzin	TOR	D	71	6	26	32	14	47	114	1	1	3	0	1	155	122
Michal Kempny	WAS	D	68	6	19	25	24	56	105	3	0	0	0	0	80	135
Jaccob Slavin	CAR	D	69	6	22	28	-3	18	118	1	4	2	0	1	53	114
Josh Morrissey	WPG	D	59	6	25	31	9	14	95	2	3	7	1	1	55	107
Joel Eriksson Ek	MIN	C	53	6	7	13	-5	18	100	2	0	0	0	0	101	24
William Nylander	TOR	C	42	5	14	19	-2	14	88	0	1	3	0	0	14	13
Luke Kunin	MIN	C	38	5	9	14	0	17	62	0	0	1	0	0	53	26
Vladimir Sobotka	BUF	C	64	5	7	12	-16	22	68	0	0	0	0	1	76	28
Colton Sceviour	FLA	RW	49	5	9	14	-1	15	101	0	0	1	0	0	68	43
Kiefer Sherwood	ANH	LW	46	5	5	10	2	6	51	0	0	0	0	0	75	17
Oscar Klefbom	EDM	D	49	5	15	20	-4	16	139	2	1	7	0	0	30	88
Jordan Weal	MON	C	52	5	8	13	-10	16	56	1	1	2	0	0	24	18
Ryan Kesler	ANH	C	60	5	3	8	-19	44	86	1	1	2	0	0	93	56
Chandler Stephenson	WAS	RW	56	5	5	10	-12	0	32	0	0	0	1	0	33	30
Brent Seabrook	CHI	D	66	5	20	25	-7	31	145	1	2	7	0	1	94	149
James Neal	CGY	RW	55	5	10	15	-10	24	122	1	1	4	0	0	37	17
Devon Toews	NYI	D	36	5	8	13	6	2	56	2	1	2	0	0	16	23
Jakob Chychrun	ARI	D	47	5	14	19	-10	26	101	0	3	4	0	0	63	71
Kenny Agostino	NJ	LW	52	5	14	19	0	30	63	0	0	3	0	0	120	9
Ben Chiarot	WPG	D	66	5	14	19	6	54	90	1	0	0	0	1	139	106
Matt Cullen	PIT	C	60	5	12	17	6	14	79	0	0	0	2	2	23	26
Sam Gagner	EDM	C	20	5	4	9	-6	12	46	1	1	0	0	0	10	4
Rocco Grimaldi	NSH	C	49	5	8	13	-2	8	78	0	0	0	0	0	31	17
Jason Dickinson	DAL	C	55	5	13	18	8	23	72	2	0	0	0	0	87	40
Adam Pelech	NYI	D	66	5	12	17	21	16	90	0	0	0	0	0	124	99
Johan Larsson	BUF	C	61	5	5	10	-9	33	63	0	0	0	1	0	87	37
David Backes	BOS	RW	59	5	11	16	-5	25	109	1	2	5	0	0	118	26
Brandon Dubinsky	CLS	C	49	5	7	12	-15	36	49	0	0	0	0	1	117	23
Kyle Brodziak	EDM	C	64	5	3	8	-13	31	68	2	0	0	1	0	85	40
Kevin Rooney	NJ	C	30	5	3	8	-3	13	24	1	0	0	1	0	57	13
Ryan Carpenter	VGK	C	56	5	10	15	-8	2	81	0	0	0	1	1	97	16
Brett Seney	NJ	LW	50	5	8	13	-13	31	49	0	0	1	0	0	47	14
Hampus Lindholm	ANH	D	66	5	20	25	-11	40	113	0	1	5	0	1	76	117
Drew Doughty	LA	D	70	5	34	39	-30	38	134	0	5	15	0	1	148	98
Patrick Maroon	STL	LW	62	5	14	19	-9	57	100	2	2	8	0	0	113	6
Milan Lucic	EDM	LW	68	5	12	17	-7	70	64	0	2	2	0	0	228	14
Matt Martin	NYI	LW	55	5	8	13	9	36	49	1	0	0	0	0	229	37
Erik Johnson	COL	D	68	5	15	20	6	38	133	0	0	0	0	0	106	110
Ron Hainsey	TOR	D	70	5	15	20	33	15	65	0	0	0	1	0	76	120
Pierre-Edouard Bellemare	VGK	C	69	5	8	13	0	6	94	0	0	0	1	0	64	43
Jordie Benn	MON	D	70	5	14	19	13	39	83	1	0	0	0	0	112	115
Cody Ceci	OTT	D	66	5	17	22	-21	14	114	1	0	1	0	0	106	130
Ben Hutton	VAN	D	64	5	15	20	-20	41	104	1	1	7	0	1	51	99
Dale Weise	MON	RW	51	5	6	11	-8	19	58	1	0	0	1	0	88	21
Duncan Keith	CHI	D	70	5	29	34	11	66	119	0	0	3	0	1	39	123
Mike Green	DET	D	43	5	21	26	-1	28	92	0	0	3	0	0	60	56
Carter Rowney	ANH	C	52	5	11	16	-1	10	42	0	0	0	0	0	143	27
Rasmus Ristolainen	BUF	D	70	5	34	39	-35	34	170	2	1	13	0	0	213	114
Brad Hunt	MIN	D	31	5	7	12	-3	2	55	1	4	4	0	0	12	17
Neal Pionk	NYR	D	61	5	16	21	-9	33	119	1	2	11	0	0	118	84
Noah Hanifin	CGY	D	70	5	24	29	12	12	105	2	1	4	1	1	80	69
Adam Gaudette	VAN	C	44	5	7	12	-4	14	46	1	0	2	0	0	37	13
Mikhail Sergachev	TB	D	65	5	20	25	10	18	110	0	0	5	0	0	82	77
Brett Howden	NYR	C	54	5	12	17	-13	4	58	1	0	2	0	0	55	35
Andrew Mangiapane	CGY	LW	32	4	3	7	2	8	43	1	0	0	0	0	32	12
Travis Dermott	TOR	D	60	4	13	17	-1	22	92	0	0	0	0	0	95	50
Peter Cehlarik	BOS	C	20	4	2	6	3	6	30	1	1	0	0	0	5	7
Michael Amadio	LA	C	37	4	4	8	-2	6	28	0	0	0	0	0	13	12
Jayce Hawryluk	FLA	C	34	4	4	8	-5	12	27	0	0	1	0	0	79	17
Samuel Girard	COL	D	70	4	16	20	5	6	107	0	0	8	0	0	53	72
Jake McCabe	BUF	D	55	4	10	14	-7	35	59	0	0	0	1	0	96	95
Brett Kulak	MON	D	46	4	7	11	8	31	81	2	0	0	1	0	80	54
Travis Boyd	WAS	C	45	4	15	19	5	6	31	0	0	2	0	0	13	20
Jamie Oleksiak	DAL	D	52	4	7	11	4	43	51	0	0	0	0	0	129	50
Brett Ritchie	DAL	RW	46	4	2	6	-4	55	47	2	1	0	0	0	116	13
John Moore	BOS	D	56	4	7	11	2	26	93	1	2	0	0	0	70	73
Mario Kempe	ARI	LW	48	4	5	9	7	18	51	0	0	0	0	0	99	29
Alec Martinez	LA	D	48	4	11	15	0	6	63	2	0	1	0	0	65	109
Markus Hannikainen	CLS	RW	43	4	3	7	-5	2	50	1	0	0	0	0	63	8
Markus Nutivaara	CLS	D	69	4	12	16	-3	6	82	1	0	0	0	0	63	49
Saku Maenalanen	CAR	LW	30	4	4	8	0	20	33	0	0	0	0	0	36	7
Jean-Sebastien Dea	FLA	C	23	4	2	6	0	8	29	1	0	0	0	0	21	12
David Kampf	CHI	RW	54	4	14	18	-5	10	68	0	0	0	0	0	30	26
Andy Greene	NJ	D	71	4	19	23	-3	12	91	0	0	2	0	4	59	188
Nate Thompson	MON	C	68	4	4	8	-1	17	53	0	0	0	0	0	67	42
Dan Girardi	TB	D	61	4	11	15	5	12	75	0	0	0	0	1	146	107
Jonas Brodin	MIN	D	71	4	13	17	-11	28	93	2	0	1	1	0	48	112
Matt Benning	EDM	D	58	4	10	14	14	31	78	0	0	1	0	1	91	46
Danny DeKeyser	DET	D	44	4	11	15	-6	37	50	2	0	0	0	0	75	77
Sven Andrighetto	COL	RW	52	4	8	12	5	10	75	0	0	0	0	0	24	24
Lukas Sedlak	CLS	C	45	4	2	6	-4	8	41	0	0	0	0	0	64	19
Sami Vatanen	NJ	D	49	4	13	17	-17	22	106	0	3	2	0	0	66	77
Carl Hagelin	WAS	LW	48	4	9	13	3	28	82	2	0	0	0	0	60	17
Brandon Sutter	VAN	C	26	4	2	6	-12	6	43	0	1	0	1	0	33	13
Dustin Byfuglien	WPG	D	37	4	26	30	4	58	105	1	1	15	0	0	65	46
Devante Smith-Pelly	WAS	RW	54	4	4	8	-6	15	60	0	0	0	0	0	78	36
Brian Gibbons	OTT	C	53	4	6	10	-8	16	41	0	0	0	0	0	31	23
Christian Wolanin	OTT	D	20	4	4	8	5	4	23	1	0	1	0	0	8	23
Troy Terry	ANH	C	25	4	6	10	5	2	21	0	2	1	0	0	3	11
Andrew Cogliano	DAL	LW	67	4	10	14	1	22	91	1	1	0	0	0	60	24
Zdeno Chara	BOS	D	52	4	7	11	11	48	75	2	1	1	0	0	65	78
David Savard	CLS	D	70	4	11	15	12	32	104	1	0	0	0	0	101	100
Marcus Kruger	CHI	C	63	4	7	11	-2	22	62	2	0	0	0	1	44	29
Scott Mayfield	NYI	D	67	4	14	18	19	64	82	0	0	0	1	0	100	139
Matt Nieto	COL	LW	58	4	18	22	3	8	81	1	0	0	1	2	45	22
Tom Kuhnhackl	NYI	RW	29	4	5	9	0	8	26	0	0	0	0	1	42	34
Derek Grant	ANH	C	46	4	7	11	-4	14	64	1	0	0	0	0	74	21
Boo Nieves	NYR	C	36	4	5	9	-3	8	24	1	0	0	0	0	31	15
Anthony DeAngelo	NYR	D	50	4	22	26	3	56	93	0	0	7	0	0	43	67
Will Butcher	NJ	D	69	4	23	27	-15	8	97	1	1	12	0	0	36	65
Jamie McGinn	FLA	LW	12	4	3	7	1	6	16	1	1	0	0	0	27	2
Marco Scandella	BUF	D	56	4	7	11	-11	26	78	1	0	0	0	1	47	67
Jesse Puljujarvi	EDM	RW	46	4	5	9	-14	16	53	0	0	1	0	0	46	26
Cam Fowler	ANH	D	49	4	12	16	-12	18	77	2	1	4	0	0	25	80
Robert Hagg	PHI	D	70	4	13	17	4	57	77	1	0	0	0	0	216	134
Ty Rattie	EDM	RW	45	4	7	11	-1	4	79	1	0	1	0	0	49	6
Rudolfs Balcers	OTT	LW	26	4	4	8	-3	4	36	1	2	0	0	0	16	20
Mason Appleton	WPG	C	36	3	7	10	9	4	29	1	0	0	0	0	28	12
Miikka Salomaki	NSH	RW	37	3	4	7	5	8	51	0	0	0	0	0	72	20
Dylan DeMelo	OTT	D	66	3	12	15	6	30	94	0	0	1	0	1	102	106
Matthew Peca	MON	C	38	3	7	10	-13	4	35	0	0	0	0	1	31	20
John Hayden	CHI	C	50	3	2	5	-13	25	38	0	0	0	0	0	92	21
Mackenzie MacEachern	STL	LW	27	3	2	5	1	10	32	1	0	0	0	0	47	4
Carl Gunnarsson	STL	D	18	3	4	7	11	4	18	1	0	0	0	1	8	23
Erik Karlsson	SJ	D	52	3	42	45	3	20	167	1	2	18	0	0	43	69
Chris Kunitz	CHI	LW	45	3	5	8	-9	23	36	0	0	0	0	0	61	13
Ryan Spooner	VAN	C	47	3	5	8	-10	2	60	1	0	0	0	0	30	6
Dmitry Orlov	WAS	D	71	3	22	25	0	31	89	0	0	1	0	0	111	94
Taylor Fedun	DAL	D	44	3	7	10	0	12	69	0	0	2	0	1	17	49
Colin Miller	VGK	D	55	3	23	26	-2	32	117	0	1	10	0	0	102	58
Teddy Blueger	PIT	C	17	3	3	6	5	9	19	1	0	0	0	1	39	6
Derrick Pouliot	VAN	D	61	3	9	12	0	30	57	1	1	0	0	0	76	71
Jujhar Khaira	EDM	C	57	3	14	17	-10	43	62	0	0	0	1	1	117	32
Zemgus Girgensons	BUF	C	61	3	11	14	-11	9	66	0	0	0	0	0	116	26
Josh Manson	ANH	D	68	3	12	15	-6	54	91	0	0	0	0	1	165	83
Brayden McNabb	VGK	D	70	3	11	14	12	46	65	1	0	0	0	0	177	123
Jon Merrill	VGK	D	47	3	10	13	9	51	63	0	0	0	1	0	61	65
Drake Batherson	OTT	RW	20	3	6	9	-2	6	18	2	2	1	0	0	17	21
Niklas Kronwall	DET	D	68	3	18	21	-3	36	70	0	1	4	0	0	76	80
Braydon Coburn	TB	D	63	3	16	19	7	26	100	0	0	0	0	0	71	56
Andrew Ladd	NYI	LW	20	3	7	10	3	14	26	0	0	0	0	1	31	8
Mike Reilly	MON	D	57	3	8	11	0	16	101	1	1	0	0	0	48	53
Nathan Beaulieu	WPG	D	38	3	7	10	3	32	46	0	0	1	0	0	46	37
Connor Murphy	CHI	D	40	3	8	11	14	38	65	0	0	0	0	0	88	65
Brian Dumoulin	PIT	D	68	3	19	22	30	18	85	0	0	0	0	4	127	112
Jacob De La Rose	DET	C	58	3	5	8	-13	16	54	0	0	0	0	0	71	29
Alan Quine	CGY	C	9	3	1	4	0	2	6	0	1	0	0	0	9	1
Jean-Gabriel Pageau	OTT	C	29	3	5	8	-7	2	67	0	0	0	0	0	51	28
Adam Larsson	EDM	D	70	3	14	17	-20	38	99	0	0	0	0	1	216	110
Corey Perry	ANH	RW	21	3	4	7	-12	10	44	0	1	2	0	0	15	7
Jay Beagle	VAN	C	46	3	6	9	-7	16	37	0	0	0	1	0	87	25
Nick Holden	VGK	D	53	3	10	13	2	8	59	0	0	0	0	1	81	63
Nick Leddy	NYI	D	70	3	21	24	-2	18	93	0	0	10	0	0	69	72
Noel Acciari	BOS	C	62	3	6	9	-8	25	82	2	0	0	0	0	196	35
Gustav Forsling	CHI	D	32	3	5	8	-8	24	43	0	0	0	0	0	26	26
Ryan Graves	COL	D	21	3	2	5	4	2	23	0	0	0	0	0	27	49
Charles Hudon	MON	LW	32	3	2	5	-9	16	50	0	0	1	0	0	73	9
Frederik Gauthier	TOR	C	60	3	9	12	5	10	40	0	0	0	0	0	81	22
Igor Ozhiganov	TOR	D	48	3	4	7	3	12	40	0	0	0	0	0	53	48
Zach Bogosian	BUF	D	61	3	14	17	-2	50	88	0	0	1	1	0	79	108
Philip Varone	PHI	C	39	3	4	7	0	6	25	0	0	0	0	0	18	15
Filip Hronek	DET	D	35	3	13	16	-10	30	55	0	1	2	0	1	50	24
Alexandre Fortin	CHI	C	24	3	3	6	-6	2	29	1	0	0	1	0	21	7
Oliver Kylington	CGY	D	36	3	4	7	2	10	18	1	0	0	0	0	10	40
Erik Cernak	TB	D	47	3	10	13	21	29	83	0	0	0	0	0	160	67
Frederick Gaudreau	NSH	C	52	3	1	4	1	2	41	1	0	0	0	0	24	18
Jakob Forsbacka-Karlsson	BOS	C	28	3	6	9	1	2	21	0	0	1	0	0	14	9
Alex Goligoski	ARI	D	65	3	23	26	-11	14	81	0	1	6	0	2	58	133
MacKenzie Weegar	FLA	D	52	3	10	13	2	48	63	1	0	1	0	0	97	80
Ben Street	ANH	C	21	3	2	5	-4	2	19	0	0	0	0	0	19	9
Marc Staal	NYR	D	69	3	10	13	-12	30	73	0	0	0	0	0	75	97
Johnny Boychuk	NYI	D	67	3	14	17	5	21	149	1	1	2	0	1	136	103
Jonathan Ericsson	DET	D	50	3	2	5	-11	35	47	1	0	0	0	0	89	55
Sheldon Dries	COL	C	40	3	3	6	-7	26	44	0	0	0	1	0	66	20
Antti Suomela	SJ	C	27	3	5	8	1	4	42	0	0	0	0	0	10	11
Nikita Zaitsev	TOR	D	70	3	8	11	2	18	59	0	0	0	0	0	110	140
Colby Cave	EDM	C	41	2	5	7	-6	10	50	1	0	0	0	0	55	16
Jan Rutta	TB	D	26	2	6	8	1	12	26	0	0	0	0	0	18	23
Kris Russell	EDM	D	60	2	12	14	2	18	57	0	0	0	0	0	75	167
Scott Harrington	CLS	D	64	2	15	17	2	21	48	0	0	0	0	0	61	66
Joel Edmundson	STL	D	62	2	9	11	5	68	100	1	0	0	0	0	124	105
Brandon Manning	EDM	D	39	2	2	4	-15	25	33	0	0	0	0	0	63	40
Chris Wideman	PIT	D	25	2	5	7	-12	18	27	1	0	1	0	0	35	26
J.T. Brown	MIN	RW	46	2	4	6	-1	22	45	0	0	0	0	0	81	7
Matt Grzelcyk	BOS	D	61	2	14	16	6	66	84	0	1	5	0	0	44	52
Nick Seeler	MIN	D	63	2	4	6	-8	53	63	1	0	0	0	0	67	100
Trevor van Riemsdyk	CAR	D	65	2	11	13	-5	6	85	1	0	0	0	0	28	71
Madison Bowey	DET	D	39	2	6	8	-2	42	42	1	0	0	0	0	51	47
Nicolas Deslauriers	MON	LW	45	2	1	3	-10	22	41	0	0	0	1	0	127	22
Anton Stralman	TB	D	45	2	15	17	12	8	57	0	0	1	0	0	55	67
Ben Lovejoy	DAL	D	60	2	7	9	7	35	76	0	0	0	0	0	70	93
Brooks Orpik	WAS	D	43	2	6	8	2	19	33	0	0	0	0	0	101	67
Deryk Engelland	VGK	D	63	2	7	9	-4	12	83	1	0	0	0	0	144	125
Drew Stafford	NJ	RW	46	2	7	9	-8	16	61	0	0	1	0	0	42	16
Michael Dal Colle	NYI	LW	23	2	3	5	5	2	23	2	0	0	0	0	8	7
Marcus Pettersson	PIT	D	73	2	19	21	14	64	69	0	1	4	0	0	84	100
Vladislav Kamenev	COL	C	23	2	3	5	-2	10	22	0	1	0	1	0	20	4
Maxime Comtois	ANH	LW	10	2	5	7	3	7	9	1	0	0	0	0	27	3
Sean Walker	LA	D	30	2	5	7	-8	8	42	0	1	0	0	0	33	29
Josh Currie	EDM	RW	12	2	2	4	2	0	11	0	0	0	0	0	25	11
Christian Dvorak	ARI	LW	9	2	3	5	0	0	16	1	1	0	0	0	10	4
Gavin Bayreuther	DAL	D	19	2	3	5	2	10	25	0	0	2	0	0	11	19
Dmitrij Jaskin	WAS	RW	36	2	6	8	-4	6	47	0	0	0	0	0	83	14
Paul LaDue	LA	D	28	2	3	5	1	12	28	1	0	0	0	0	38	20
Jason Demers	ARI	D	24	2	3	5	4	6	26	2	0	1	0	0	34	23
Chris Tanev	VAN	D	54	2	10	12	3	18	51	0	0	0	0	0	29	121
Patrik Berglund	FA	C	23	2	2	4	-5	6	25	0	0	0	0	0	25	16
Egor Yakovlev	NJ	D	22	2	4	6	-6	6	22	0	0	0	0	0	11	20
Carl Grundstrom	LA	LW	3	2	0	2	1	0	2	1	0	0	0	0	7	2
Rasmus Andersson	CGY	D	67	2	13	15	13	23	92	0	0	2	0	0	49	74
Erik Gudbranson	PIT	D	65	2	7	9	-22	87	82	1	0	0	0	0	154	71
Brendan Smith	NYR	D	52	2	7	9	-7	57	47	0	0	0	0	0	83	42
Jake Gardiner	TOR	D	60	2	27	29	17	24	75	0	0	5	0	0	60	62
Gemel Smith	BOS	C	17	2	1	3	-4	0	14	0	0	0	0	0	13	3
Alexander Wennberg	CLS	C	65	2	21	23	-1	10	56	0	1	5	1	2	28	32
Marc-Edouard Vlasic	SJ	D	61	2	18	20	-8	10	80	0	0	1	0	0	15	96
Alex Biega	VAN	D	31	2	11	13	2	16	69	0	0	1	0	0	84	29
C.J. Smith	BUF	LW	11	2	0	2	0	0	18	1	0	0	0	0	4	1
Dryden Hunt	FLA	LW	23	2	4	6	-1	8	42	0	0	0	0	0	48	8
Robby Fabbri	STL	LW	30	2	3	5	-6	6	38	1	0	0	0	0	27	7
Adam McQuaid	CLS	D	43	2	3	5	-2	37	20	0	0	0	0	1	115	80
Trevor Lewis	LA	C	32	2	6	8	-7	2	61	0	0	0	0	0	45	19
Erik Haula	VGK	C	15	2	5	7	1	10	26	0	0	1	0	0	11	6
Juuso Riikola	PIT	D	37	2	3	5	3	10	43	1	2	0	0	0	86	38
Christoffer Ehn	DET	C	49	2	6	8	-2	4	36	0	0	0	0	0	56	29
Samuel Blais	STL	LW	32	2	2	4	-1	6	27	0	0	0	0	0	93	12
Victor Rask	MIN	C	38	2	6	8	-4	8	37	0	0	2	0	0	33	11
Fredrik Claesson	NYR	D	31	2	4	6	4	9	36	0	0	0	0	1	61	32
Kurtis Gabriel	NJ	RW	18	2	2	4	0	53	5	1	0	0	0	0	62	7
Tim Heed	SJ	D	27	2	9	11	15	10	32	0	1	1	0	0	10	24
Steve Kampfer	BOS	D	27	2	1	3	-7	22	26	0	0	1	0	0	36	25
Robert Bortuzzo	STL	D	47	2	7	9	3	39	57	0	0	0	0	1	76	59
Jay Bouwmeester	STL	D	66	2	11	13	-7	36	72	1	0	0	0	0	52	109
Trevor Daley	DET	D	44	2	6	8	-3	12	47	1	0	0	1	0	14	53
Yannick Weber	NSH	D	56	2	6	8	5	18	63	0	0	0	0	0	55	26
Oscar Fantenberg	CGY	D	51	2	2	4	-1	12	59	0	0	0	0	0	83	69
Kevin Shattenkirk	NYR	D	61	2	22	24	-9	16	123	0	1	5	0	0	57	89
Radko Gudas	PHI	D	66	2	13	15	9	53	117	0	0	0	0	0	224	113
Nick Jensen	WAS	D	69	2	14	16	2	21	83	0	0	0	0	1	70	88
Stefan Noesen	NJ	C	31	2	5	7	-9	28	43	0	0	0	0	0	72	18
Joey Anderson	NJ	RW	25	2	1	3	-4	6	34	1	0	0	1	0	29	11
Kalle Kossila	ANH	C	8	1	0	1	-1	4	11	1	0	0	0	0	5	3
John Quenneville	NJ	C	18	1	0	1	-1	4	15	1	0	0	0	0	20	7
A.J. Greer	COL	LW	15	1	1	2	-2	14	9	0	0	0	0	0	20	5
Filip Chlapik	OTT	C	4	1	0	1	-1	4	6	0	0	0	0	0	1	3
Juuso Valimaki	CGY	D	22	1	1	2	-3	12	23	1	0	0	0	0	19	41
Eeli Tolvanen	NSH	LW	4	1	1	2	2	0	2	0	0	1	0	0	4	2
Karson Kuhlman	BOS	C	5	1	1	2	2	0	4	0	0	0	0	0	4	2
Darren Archibald	OTT	LW	12	1	1	2	-3	12	10	0	0	0	0	0	10	4
Matt Read	MIN	RW	7	1	0	1	0	2	8	0	0	0	0	0	8	6
Max McCormick	COL	LW	14	1	0	1	-6	4	12	0	0	0	0	0	21	6
Dominic Toninato	COL	LW	2	1	0	1	0	0	1	0	0	0	0	0	0	1
Justin Schultz	PIT	D	18	1	12	13	4	4	26	0	0	5	0	0	13	25
Phil Di Giuseppe	NSH	LW	24	1	3	4	-3	8	31	0	0	0	0	0	54	9
Martin Frk	DET	RW	25	1	4	5	-7	2	21	0	1	0	0	0	27	4
Patrik Nemeth	COL	D	62	1	7	8	6	49	46	0	0	0	0	1	118	117
Zac Rinaldo	NSH	C	23	1	2	3	1	20	11	1	0	0	0	0	47	8
Riley Nash	CLS	C	66	1	9	10	-10	19	65	1	0	0	0	0	55	33
Nathan Bastian	NJ	RW	4	1	0	1	-1	5	6	0	0	0	0	0	13	0
Casey Nelson	BUF	D	26	1	4	5	5	8	22	0	0	0	0	0	22	25
Caleb Jones	EDM	D	17	1	5	6	-9	6	21	0	0	1	0	0	20	18
Ben Harpur	OTT	D	44	1	3	4	-11	54	40	0	0	0	0	0	80	58
Jonny Brodzinski	LA	RW	8	1	1	2	-1	2	11	0	0	0	0	0	7	2
Mirco Mueller	NJ	D	47	1	9	10	-3	17	36	0	0	0	0	0	71	52
Valentin Zykov	VGK	RW	24	1	3	4	-2	2	25	0	0	2	0	0	21	3
Jaycob Megna	ANH	D	19	1	2	3	-1	10	23	0	0	0	0	0	22	24
Daniel Carr	VGK	LW	6	1	0	1	-1	0	11	0	0	0	0	0	9	3
Derek Forbort	LA	D	69	1	12	13	-14	50	62	0	0	0	0	0	92	114
Anders Bjork	BOS	C	20	1	2	3	-1	2	18	0	0	0	0	0	9	12
Brandon Carlo	BOS	D	62	1	6	7	12	45	100	0	0	0	0	1	119	78
Christian Jaros	OTT	D	50	1	8	9	-15	23	55	0	0	2	0	0	87	66
Jeremy Lauzon	BOS	D	15	1	0	1	-1	2	10	1	0	0	0	0	12	15
Evan Bouchard	EDM	D	7	1	0	1	-5	2	10	0	1	0	0	0	6	8
Martin Necas	CAR	C	7	1	1	2	0	2	6	0	0	0	0	0	3	2
Nick Paul	OTT	LW	20	1	1	2	-10	4	30	0	0	0	0	0	28	4
Mark Borowiecki	OTT	D	46	1	3	4	-13	85	50	0	0	0	0	0	186	73
Connor Carrick	NJ	D	23	1	7	8	-14	13	26	0	0	1	0	0	17	25
Mark Pysyk	FLA	D	59	1	10	11	-1	22	55	0	0	0	0	1	115	78
Michael Del Zotto	STL	D	37	1	6	7	-2	8	43	0	0	0	0	0	116	50
Calvin de Haan	CAR	D	67	1	13	14	3	20	97	1	0	0	0	0	169	96
Clark Bishop	CAR	C	20	1	2	3	-3	6	16	0	0	0	0	0	39	5
Chad Ruhwedel	PIT	D	18	1	1	2	-9	4	22	1	0	0	0	0	40	16
Sonny Milano	CLS	LW	8	1	0	1	0	0	5	0	0	0	0	0	5	0
Tyler Lewington	WAS	D	2	1	1	2	3	7	3	0	0	0	0	0	4	1
Denis Gurianov	DAL	RW	21	1	3	4	-3	0	23	0	0	1	0	0	23	9
Kailer Yamamoto	EDM	LW	17	1	1	2	-6	2	13	0	0	1	0	0	18	11
Max Jones	ANH	LW	20	1	1	2	2	8	38	0	0	1	0	0	20	4
Dillon Dube	CGY	C	23	1	4	5	4	4	22	0	0	0	0	0	11	3
Josh Mahura	ANH	D	17	1	4	5	0	4	20	0	0	3	0	0	6	18
Trevor Moore	TOR	LW	15	1	6	7	2	0	14	0	0	0	0	0	11	5
Joel L'Esperance	DAL	C	11	1	0	1	-1	4	17	0	0	0	0	0	11	3
Jori Lehtera	PHI	C	27	1	2	3	-7	33	17	0	0	0	0	0	29	7
Roman Polak	DAL	D	67	1	7	8	4	65	67	0	0	0	0	0	166	140
Matt Beleskey	NYR	LW	4	1	0	1	1	5	3	0	0	0	0	0	7	1
Jason Garrison	FA	D	17	1	0	1	1	8	16	0	1	0	0	0	13	23
Steve Santini	NJ	D	28	1	2	3	-3	12	28	0	0	0	0	0	56	28
Ryan Murray	CLS	D	56	1	28	29	20	10	71	0	0	1	0	0	27	93
Slater Koekkoek	CHI	D	24	1	3	4	-1	12	33	0	0	0	0	0	36	36
Connor Brickley	NYR	C	9	1	2	3	2	9	15	0	0	0	0	0	27	3
Kevin Connauton	ARI	D	45	1	7	8	1	22	69	0	0	0	0	2	84	69
Andrew Agozzino	COL	LW	7	1	1	2	2	0	4	0	0	0	0	0	9	2
Dion Phaneuf	LA	D	61	1	4	5	-21	47	71	0	0	0	0	0	115	71
Jacob MacDonald	FLA	D	2	1	0	1	1	0	1	0	0	0	0	0	1	1
Ross Johnston	NYI	LW	17	1	3	4	3	23	12	0	0	0	0	0	43	1
Michael Bunting	ARI	LW	5	1	0	1	0	2	5	0	0	0	0	0	6	1
Filip Zadina	DET	LW	9	1	2	3	-5	0	18	0	1	1	0	0	6	3
Sam Steel	ANH	C	16	1	3	4	-2	8	21	0	0	2	0	0	8	4
Jordan Kyrou	STL	RW	16	1	2	3	-1	4	16	0	0	0	0	0	2	3
Jack Johnson	PIT	D	71	1	12	13	-1	29	72	0	1	1	0	2	208	131
Martin Hanzal	DAL	C	7	1	1	2	-4	4	14	0	1	0	0	0	14	4
Justin Braun	SJ	D	67	1	14	15	-8	29	92	0	0	1	0	0	94	109
Chris Butler	STL	D	13	1	1	2	3	0	10	0	0	0	0	0	17	17
Garrett Wilson	PIT	LW	39	1	5	6	1	18	39	0	0	0	0	0	88	13
Brenden Dillon	SJ	D	71	1	18	19	24	55	62	0	0	0	1	0	170	69
Radim Simek	SJ	D	41	1	8	9	7	8	41	1	0	0	0	0	67	34
Lias Andersson	NYR	LW	30	1	4	5	-10	16	31	0	0	0	0	0	50	6
Mikhail Vorobyov	PHI	C	15	1	1	2	0	2	10	0	0	0	0	0	4	4
Philippe Myers	PHI	D	11	1	1	2	2	0	15	0	0	0	0	0	27	3
Troy Stecher	VAN	D	66	1	19	20	9	28	87	0	0	2	0	0	79	67
Alex Formenton	OTT	LW	9	1	0	1	-2	6	16	0	0	0	0	0	11	7
Par Lindholm	WPG	C	63	1	11	12	4	18	63	0	0	0	0	0	56	54
Sami Niku	WPG	D	23	1	3	4	-1	0	15	0	0	0	0	0	8	20
Josh Ho-Sang	NYI	RW	10	1	1	2	2	6	10	0	0	0	0	0	0	3
Noah Juulsen	MON	D	21	1	4	5	5	6	22	0	0	0	0	0	60	39
Micheal Haley	SJ	RW	35	1	4	5	0	51	25	0	0	0	0	0	59	11
Cody McLeod	NSH	LW	38	1	0	1	-13	67	22	0	0	0	0	0	112	10
Gabriel Bourque	COL	LW	43	1	5	6	0	10	25	0	0	0	0	1	82	42
Matt Bartkowski	MIN	D	2	1	0	1	2	0	2	0	0	0	0	0	1	1
Mark Barberio	COL	D	12	1	0	1	-6	4	11	0	0	0	0	0	13	14
Josh Brown	FLA	D	25	1	0	1	-5	16	16	0	0	0	0	0	50	20
Olli Maatta	PIT	D	55	1	12	13	7	10	65	1	1	3	0	0	90	111
Brendan Gaunce	VAN	C	3	1	2	3	3	0	2	1	0	0	0	0	4	0
Christian Djoos	WAS	D	36	1	6	7	5	4	26	0	0	0	0	0	17	22
Ian McCoshen	FLA	D	18	1	0	1	0	8	12	0	0	0	0	0	38	12
Nicolas Petan	TOR	C	16	1	2	3	-5	2	13	1	0	0	0	0	1	2
Tomas Hyka	VGK	RW	17	1	3	4	-2	2	22	0	0	2	0	0	6	5
Joe Morrow	WPG	D	39	1	5	6	2	15	40	0	0	0	0	0	33	36
Ian Cole	COL	D	59	1	10	11	1	111	69	0	0	0	0	0	92	147
Tomas Plekanec	FA	C	3	1	0	1	0	0	8	0	0	0	0	0	1	1
Erik Condra	DAL	RW	6	1	0	1	-2	2	10	0	0	0	0	0	3	1
Matt Irwin	NSH	D	38	1	4	5	5	36	46	0	0	0	0	0	72	31
Lawrence Pilut	BUF	D	25	1	5	6	-3	18	25	0	0	0	0	0	12	27
Andreas Martinsen	CHI	LW	24	1	3	4	-5	14	21	0	0	0	0	0	83	9
Rourke Chartier	SJ	C	13	1	0	1	-5	2	19	0	0	0	0	0	14	3
Nikita Scherbak	LA	RW	8	1	0	1	-4	2	12	0	0	0	0	0	9	1
Libor Hajek	NYR	D	5	1	0	1	1	6	10	0	0	0	0	0	5	3
Logan Brown	OTT	C	2	0	0	0	-2	0	2	0	0	0	0	0	0	1
Brendan Guhle	ANH	D	7	0	1	1	-2	4	15	0	0	0	0	0	9	6
Guillaume Brisebois	VAN	D	3	0	0	0	-3	0	1	0	0	0	0	0	3	2
Colton White	NJ	D	1	0	0	0	1	2	1	0	0	0	0	0	2	0
Anthony Richard	NSH	C	1	0	0	0	-1	0	0	0	0	0	0	0	0	1
Jacob Middleton	SJ	D	1	0	0	0	-1	0	0	0	0	0	0	0	0	1
Jack Rodewald	OTT	RW	6	0	0	0	0	0	2	0	0	0	0	0	8	3
Nicolas Aube-Kubel	PHI	C	9	0	0	0	1	0	2	0	0	0	0	0	14	0
Erik Brannstrom	OTT	D	1	0	0	0	1	0	0	0	0	0	0	0	1	0
Ryan Lindgren	NYR	D	3	0	0	0	-1	6	3	0	0	0	0	0	9	4
Justin Kloos	ANH	C	1	0	0	0	0	0	2	0	0	0	0	0	2	0
Mark Alt	COL	D	2	0	0	0	0	0	2	0	0	0	0	0	0	2
Michael Chaput	ARI	C	32	0	5	5	-4	14	31	0	0	0	0	0	53	17
Sam Carrick	ANH	C	5	0	0	0	-2	2	4	0	0	0	0	0	12	0
Patrick Eaves	ANH	RW	7	0	0	0	-4	4	6	0	0	0	0	0	14	1
Niklas Hjalmarsson	ARI	D	71	0	10	10	9	40	50	0	0	0	0	2	37	165
Adam Clendening	CLS	D	4	0	0	0	1	0	3	0	0	0	0	0	1	3
Xavier Ouellet	MON	D	19	0	3	3	-3	13	32	0	0	0	0	0	32	30
Greg Pateryn	MIN	D	69	0	5	5	-7	37	85	0	0	0	0	0	118	102
Valeri Nichushkin	DAL	LW	49	0	7	7	-5	0	58	0	0	0	0	0	58	30
Trevor Carrick	CAR	D	1	0	0	0	-1	5	0	0	0	0	0	0	1	1
Kurtis MacDermid	LA	D	3	0	0	0	-2	2	1	0	0	0	0	0	4	2
Alex Petrovic	EDM	D	35	0	2	2	-15	26	47	0	0	0	0	0	116	53
Brandon Davidson	CHI	D	10	0	1	1	-4	15	7	0	0	0	0	0	17	15
Kyle Rau	MIN	C	6	0	1	1	0	0	6	0	0	0	0	0	11	2
Blake Pietila	NJ	LW	15	0	1	1	-6	4	15	0	0	0	0	0	29	8
Scott Wilson	BUF	LW	10	0	2	2	-4	4	16	0	0	0	0	0	19	2
Paul Carey	BOS	RW	6	0	0	0	1	0	4	0	0	0	0	0	3	2
Stephen Gionta	NYI	C	5	0	0	0	-4	0	4	0	0	0	0	0	14	2
Nicolas Roy	CAR	C	6	0	0	0	0	2	1	0	0	0	0	0	7	1
Cooper Marody	EDM	C	6	0	0	0	-1	0	6	0	0	0	0	0	0	0
Haydn Fleury	CAR	D	14	0	1	1	4	0	10	0	0	0	0	0	17	13
Nikita Soshnikov	STL	LW	5	0	0	0	-1	0	1	0	0	0	0	0	5	2
Bogdan Kiselevich	WPG	D	32	0	8	8	-3	12	14	0	0	0	0	0	49	21
Maxim Mamin	FLA	LW	7	0	0	0	-2	5	8	0	0	0	0	0	10	1
Nick Lappin	NJ	RW	10	0	0	0	-6	0	11	0	0	0	0	0	16	3
Vinni Lettieri	NYR	C	18	0	0	0	-5	10	21	0	0	0	0	0	20	9
Jaret Anderson-Dolan	LA	C	5	0	1	1	-2	0	6	0	0	0	0	0	5	2
Trent Frederic	BOS	C	13	0	0	0	-4	5	17	0	0	0	0	0	16	3
Jakub Jerabek	STL	D	1	0	0	0	-3	2	1	0	0	0	0	0	0	1
Jacob Nilsson	CHI	C	2	0	0	0	-2	0	0	0	0	0	0	0	1	1
Janne Kuokkanen	CAR	LW	7	0	0	0	-2	4	6	0	0	0	0	0	0	3
Henri Jokiharju	CHI	D	38	0	12	12	-7	16	62	0	0	1	0	0	48	37
Libor Sulak	DET	D	6	0	0	0	-4	6	7	0	0	0	0	0	18	5
Joseph Gambardella	EDM	C	4	0	0	0	-1	0	0	0	0	0	0	0	1	1
Danick Martel	TB	C	8	0	2	2	4	8	15	0	0	0	0	0	10	1
Ashton Sautner	VAN	D	10	0	1	1	0	2	11	0	0	0	0	0	14	11
Jonas Siegenthaler	WAS	D	25	0	4	4	7	10	12	0	0	0	0	0	31	43
Louis Belpedio	MIN	D	2	0	0	0	0	0	0	0	0	0	0	0	1	4
Nelson Nogier	WPG	D	1	0	0	0	0	0	1	0	0	0	0	0	0	1
Justin Dowling	DAL	C	6	0	1	1	-1	0	5	0	0	0	0	0	6	3
Martin Marincin	TOR	D	17	0	4	4	-1	10	25	0	0	0	0	0	17	15
Stefan Elliott	OTT	D	3	0	1	1	1	0	3	0	0	0	0	0	2	1
Cameron Schilling	WPG	D	4	0	1	1	0	0	2	0	0	0	0	0	3	5
Reid Boucher	VAN	RW	1	0	0	0	0	0	0	0	0	0	0	0	1	0
Tobias Rieder	EDM	RW	56	0	11	11	-6	8	77	0	0	2	0	0	63	36
Tim Schaller	VAN	C	36	0	5	5	-4	7	32	0	0	0	0	0	58	15
Joseph Blandisi	PIT	C	6	0	0	0	-1	6	4	0	0	0	0	0	7	1
Kerby Rychel	CGY	LW	2	0	0	0	-1	0	1	0	0	0	0	0	3	1
Dillon Heatherington	DAL	D	5	0	1	1	4	0	5	0	0	0	0	0	6	2
Carl Dahlstrom	CHI	D	33	0	6	6	8	6	39	0	0	0	0	1	26	32
Tyrell Goulbourne	PHI	LW	2	0	0	0	0	0	3	0	0	0	0	0	6	0
Eric Tangradi	NJ	LW	2	0	0	0	-2	0	5	0	0	0	0	0	5	2
Eric Gryba	NJ	D	10	0	0	0	-1	10	11	0	0	0	0	0	21	16
Chris Thorburn	STL	RW	1	0	0	0	0	0	0	0	0	0	0	0	1	0
Derek MacKenzie	FLA	C	1	0	0	0	0	0	0	0	0	0	0	0	0	0
Tom Pyatt	VAN	C	37	0	2	2	-16	2	29	0	0	0	0	0	15	46
Jake Bean	CAR	D	2	0	0	0	0	2	1	0	0	0	0	0	1	0
Ilya Lyubushkin	ARI	D	40	0	4	4	-9	13	27	0	0	0	0	0	146	60
Urho Vaakanainen	BOS	D	2	0	0	0	-1	0	2	0	0	0	0	0	0	0
Christian Folin	MON	D	34	0	5	5	6	18	33	0	0	0	0	0	85	68
Laurent Dauphin	NSH	C	1	0	0	0	-1	0	2	0	0	0	0	0	0	1
Anton Lindholm	COL	D	2	0	0	0	-1	0	0	0	0	0	0	0	1	1
Gabriel Carlsson	CLS	D	1	0	0	0	-1	2	1	0	0	0	0	0	0	0
Kole Sherwood	CLS	C	2	0	0	0	0	0	2	0	0	0	0	0	10	1
Ryan Lomberg	CGY	LW	4	0	0	0	0	17	1	0	0	0	0	0	12	0
Dan Hamhuis	NSH	D	53	0	4	4	-1	24	34	0	0	0	0	0	38	59
Marc Methot	DAL	D	9	0	0	0	-3	6	3	0	0	0	0	0	15	10
Karl Alzner	MON	D	9	0	1	1	1	2	8	0	0	0	0	0	13	10
Nate Prosser	MIN	D	15	0	0	0	1	2	10	0	0	0	0	0	17	13
Anthony Bitetto	MIN	D	32	0	3	3	-3	10	27	0	0	0	0	0	73	32
Ryan Murphy	NJ	D	3	0	1	1	1	0	1	0	0	1	0	0	1	3
Wade Megan	DET	C	11	0	1	1	-4	2	16	0	0	0	0	0	4	4
Colin Blackwell	NSH	C	6	0	0	0	-1	2	5	0	0	0	0	0	10	3
Matt Tennyson	BUF	D	4	0	0	0	-4	0	4	0	0	0	0	0	10	2
Connor Clifton	BOS	D	10	0	0	0	3	11	8	0	0	0	0	0	18	7
Marko Dano	WPG	C	8	0	0	0	-1	7	3	0	0	0	0	0	16	3
Remi Elie	BUF	LW	16	0	1	1	-3	2	9	0	0	0	0	0	30	3
Kevin Roy	ANH	C	3	0	0	0	-1	0	2	0	0	0	0	0	0	2
Joakim Ryan	SJ	D	35	0	5	5	3	11	29	0	0	0	0	0	26	36
Anthony Peluso	CGY	RW	4	0	0	0	-1	7	1	0	0	0	0	0	4	0
Luke Schenn	VAN	D	15	0	1	1	-6	7	16	0	0	0	0	0	49	13
Thomas Hickey	NYI	D	35	0	4	4	8	24	37	0	0	0	0	1	35	60
Korbinian Holzer	ANH	D	12	0	2	2	1	4	9	0	0	0	0	0	30	22
Brad Malone	EDM	C	13	0	0	0	-1	0	12	0	0	0	0	0	23	3
Kevan Miller	BOS	D	36	0	6	6	5	33	32	0	0	0	0	0	66	73
Zach MacEwen	VAN	C	4	0	1	1	-4	5	2	0	0	0	0	0	4	1
Tim Gettinger	NYR	LW	4	0	0	0	0	0	2	0	0	0	0	0	15	3
Dylan Gambrell	SJ	C	6	0	0	0	1	0	4	0	0	0	0	0	11	1
Brandon Gignac	NJ	C	1	0	0	0	-2	0	1	0	0	0	0	0	0	1
Kristian Vesalainen	WPG	LW	5	0	1	1	0	0	1	0	0	0	0	0	1	1
Daniel Brickley	LA	D	4	0	1	1	-2	0	2	0	0	0	0	0	5	4
Sheldon Rempal	LA	LW	7	0	0	0	-1	0	3	0	0	0	0	0	0	1
Kyle Capobianco	ARI	D	2	0	0	0	-2	0	1	0	0	0	0	0	2	2
Nathan Walker	WAS	C	3	0	1	1	1	2	2	0	0	0	0	0	5	0
Julius Honka	DAL	D	29	0	4	4	-2	10	38	0	0	0	0	0	16	31
Joe Hicketts	DET	D	8	0	0	0	-6	0	9	0	0	0	0	0	15	13
Jordan Nolan	STL	RW	14	0	2	2	2	14	17	0	0	0	0	0	22	4
Justin Holl	TOR	D	4	0	0	0	-5	2	0	0	0	0	0	0	5	4
Zach Trotman	PIT	D	9	0	1	1	4	4	9	0	0	1	0	0	17	17
Andrew MacDonald	PHI	D	45	0	9	9	-5	18	38	0	0	0	0	2	28	91
Mark Letestu	CLS	C	2	0	0	0	-1	0	1	0	0	0	0	0	3	0
Adam Cracknell	ANH	C	2	0	0	0	-1	0	3	0	0	0	0	0	6	0
David Schlemko	PHI	D	18	0	2	2	-1	4	29	0	0	2	0	0	29	45
Danny O'Regan	BUF	C	1	0	0	0	0	0	2	0	0	0	0	0	0	0
Jordan Schmaltz	STL	D	20	0	2	2	-7	2	11	0	0	0	0	0	10	22
Steven Fogarty	NYR	C	10	0	0	0	-1	0	9	0	0	0	0	0	6	3
Max Veronneau	OTT	RW	1	0	0	0	0	0	5	0	0	0	0	0	0	1
Dakota Mermis	ARI	D	1	0	0	0	1	0	0	0	0	0	0	0	0	0
Patrick Russell	EDM	RW	6	0	0	0	0	2	6	0	0	0	0	0	9	2
Tanner Fritz	NYI	LW	4	0	1	1	-1	2	3	0	0	0	0	0	5	4
Victor Mete	MON	D	60	0	11	11	14	6	55	0	0	0	0	0	18	84
Riley Stillman	FLA	D	1	0	0	0	0	2	1	0	0	0	0	0	5	0
Michael McLeod	NJ	C	10	0	1	1	-3	6	8	0	0	0	0	0	22	2
Dylan Sikura	CHI	LW	24	0	7	7	2	0	37	0	0	0	0	0	2	10
Dean Kukan	CLS	D	16	0	3	3	-2	4	9	0	0	0	0	0	13	12
Jake Dotchin	ANH	D	20	0	1	1	-4	39	7	0	0	0	0	1	54	16
Corban Knight	PHI	C	11	0	0	0	-3	0	9	0	0	0	0	0	8	7
Luke Witkowski	DET	D	23	0	2	2	-2	12	11	0	0	0	0	0	45	20
Justin Bailey	PHI	RW	7	0	0	0	0	0	2	0	0	0	0	0	9	3
Justin Falk	OTT	D	10	0	0	0	-4	11	7	0	0	0	0	0	36	9
Dmitry Kulikov	WPG	D	45	0	6	6	4	37	30	0	0	0	0	0	73	58
Zac Dalpe	CLS	C	1	0	1	1	1	0	1	0	0	0	0	0	0	0
Cody Goloubef	OTT	D	5	0	0	0	0	2	3	0	0	0	0	0	13	5
Erik Burgdoerfer	OTT	D	4	0	0	0	-1	2	2	0	0	0	0	0	16	0
Cory Conacher	TB	LW	1	0	0	0	0	2	1	0	0	0	0	0	0	0
Matt Roy	LA	D	13	0	1	1	0	2	17	0	0	0	0	0	22	29
Anthony Greco	FLA	C	1	0	0	0	-3	0	2	0	0	0	0	0	0	0
Benjamin Gleason	DAL	D	4	0	1	1	-1	0	2	0	0	0	0	0	2	1
Jakub Zboril	BOS	D	2	0	0	0	0	0	1	0	0	0	0	0	3	0
Kevin Stenlund	CLS	C	4	0	0	0	0	4	3	0	0	0	0	0	3	1
Juho Lammikko	FLA	RW	40	0	6	6	-7	6	39	0	0	0	0	1	45	21
Eric Robinson	CLS	LW	12	0	0	0	-4	0	16	0	0	0	0	0	22	1
Isac Lundestrom	ANH	LW	15	0	2	2	-1	2	13	0	0	0	0	0	4	5
Matt Hunwick	BUF	D	13	0	1	1	-6	4	10	0	0	0	0	0	6	7
Matt Hendricks	WPG	LW	22	0	2	2	-2	19	20	0	0	0	0	0	31	5
Andrej Sekera	EDM	D	12	0	2	2	5	4	14	0	0	0	0	0	10	6
Lee Stempniak	BOS	RW	2	0	0	0	-1	0	0	0	0	0	0	0	2	0
Luca Sbisa	NYI	D	9	0	1	1	0	4	5	0	0	0	0	0	17	7
Michael Stone	CGY	D	11	0	4	4	-1	8	10	0	0	0	0	0	23	13
Andrej Sustr	ANH	D	5	0	0	0	0	6	6	0	0	0	0	0	3	7
Luke Johnson	CHI	C	15	0	1	1	-8	8	19	0	0	1	0	0	31	9
Joel Hanley	DAL	D	16	0	0	0	0	2	9	0	0	0	0	0	16	16
Andy Welinski	ANH	D	19	0	2	2	-3	8	21	0	0	0	0	0	29	12
Kevin Gravel	EDM	D	35	0	3	3	-3	4	44	0	0	0	0	0	30	52
Dalton Prout	CGY	D	15	0	1	1	2	8	11	0	0	0	0	0	31	14
Matt Donovan	NSH	D	2	0	1	1	0	2	1	0	0	0	0	0	0	3
Logan O'Connor	COL	C	5	0	0	0	-2	0	1	0	0	0	0	0	4	1
Jacob Larsson	ANH	D	43	0	5	5	-8	12	46	0	0	0	0	0	34	51
Alexander Nylander	BUF	RW	2	0	0	0	0	0	1	0	0	0	0	0	0	1